number_of_requests,min_req_size,max_req_size,qps,number_of_objects,number_of_req_GiB,number_of_obj_GiB,compulsory_miss_ratio_req,compulsory_miss_ratio_byte,time_span,frequency_mean,trace_name,download_path,file_name,slab_size,category,wss,min_obj_size,max_obj_size,num_slab_classes
12060815269,24,134,24491.6007,704799482,615.1277,34.6383,0.0584,0.0563,492447,17.1124,twitter_cluster27,twitter/cluster27.oracleGeneral.zst,twr/cluster27.oracleGeneral.zst,1,twitter-kv,68.77087474452257,76,186,43
3289457233,17,13599,5278.7228,12203322,1766.3762,2.3477,0.0037,0.0013,623154,269.5542,twitter_cluster24,twitter/cluster24.oracleGeneral.zst,twr/cluster24.oracleGeneral.zst,1,twitter-kv,2.938691921722889,69,13651,43
6461081324,24,799,10434.6471,123430,2031.1205,0.0116,0.0,0.0,619195,52346.1178,twitter_cluster1,twitter/cluster1.oracleGeneral.zst,twr/cluster1.oracleGeneral.zst,1,twitter-kv,0.017577563560009002,76,851,43
8832954,255,524288,14.5503,7344011,2694.8868,2577.9289,0.8314,0.9566,607064,1.2027,cp_w54,cloudphysics/w54.oracleGeneral.bin.zst,cphy/w54.oracleGeneral.bin.zst,4,cloudphysics-block,2578.284561448091,307,524340,50
13448032,512,1048576,26.2329,1230381,280.3846,46.2845,0.0915,0.1651,512639,10.93,cp_w50,cloudphysics/w50.oracleGeneral.bin.zst,cphy/w50.oracleGeneral.bin.zst,4,cloudphysics-block,46.344085843235256,564,1048628,50
3664418,4096,524288,6.4426,1745265,77.4095,49.9185,0.4763,0.6449,568780,2.0996,cp_w98,cloudphysics/w98.oracleGeneral.bin.zst,cphy/w98.oracleGeneral.bin.zst,4,cloudphysics-block,50.00302104404569,4148,524340,50
2649686669,44,629212,4258.0022,2094687564,2979.2461,2076.8194,0.7905,0.6971,622284,1.265,twitter_cluster12,twitter/cluster12.oracleGeneral.zst,twr/cluster12.oracleGeneral.zst,1,twitter-kv,2178.262550386214,96,629264,43
4284658,512,69632,7.0266,606386,133.5165,21.7219,0.1415,0.1627,609774,7.0659,cp_w92,cloudphysics/w92.oracleGeneral.bin.zst,cphy/w92.oracleGeneral.bin.zst,4,cloudphysics-block,21.751266530478002,564,69684,50
4926610,512,1048576,8.1204,75902,87.6559,2.4704,0.0154,0.0282,606699,64.9075,cp_w82,cloudphysics/w82.oracleGeneral.bin.zst,cphy/w82.oracleGeneral.bin.zst,4,cloudphysics-block,2.4740758407950403,564,1048628,50
45355529,512,1052672,81.1686,417995,219.0319,7.6171,0.0092,0.0348,558782,108.5073,cp_w12,cloudphysics/w12.oracleGeneral.bin.zst,cphy/w12.oracleGeneral.bin.zst,4,cloudphysics-block,7.637342985337972,564,1052724,50
9038233795,44,22079,14535.0353,432490426,13584.2324,19.4321,0.0479,0.0014,621824,20.8981,twitter_cluster43,twitter/cluster43.oracleGeneral.zst,twr/cluster43.oracleGeneral.zst,1,twitter-kv,40.37708104602098,96,22131,43
2006896318,20,202,3196.0714,328491889,89.3905,13.3198,0.1637,0.149,627926,6.1094,twitter_cluster19,twitter/cluster19.oracleGeneral.zst,twr/cluster19.oracleGeneral.zst,1,twitter-kv,29.228259413796664,72,254,43
4118188,512,1048576,7.2149,790163,387.2927,52.1063,0.1919,0.1345,570790,5.2118,cp_w94,cloudphysics/w94.oracleGeneral.bin.zst,cphy/w94.oracleGeneral.bin.zst,4,cloudphysics-block,52.144566625255344,564,1048628,50
5411394,512,1052672,8.9142,4615824,68.5715,61.2372,0.853,0.893,607055,1.1724,cp_w79,cloudphysics/w79.oracleGeneral.bin.zst,cphy/w79.oracleGeneral.bin.zst,4,cloudphysics-block,61.4607386967659,564,1052724,50
3847885075,44,28763,6221.7806,301537910,4427.3702,12.8041,0.0784,0.0029,618454,12.7609,twitter_cluster40,twitter/cluster40.oracleGeneral.zst,twr/cluster40.oracleGeneral.zst,1,twitter-kv,27.40721125963926,96,28815,43
1550193320,11,42,2478.5882,1453320991,37.7012,35.292,0.9375,0.9361,625434,1.0667,twitter_cluster21,twitter/cluster21.oracleGeneral.zst,twr/cluster21.oracleGeneral.zst,1,twitter-kv,105.67455364820361,63,94,43
3645877,4096,524288,6.4048,1771418,76.1012,50.2313,0.4859,0.6601,569241,2.0582,cp_w100,cloudphysics/w100.oracleGeneral.bin.zst,cphy/w100.oracleGeneral.bin.zst,4,cloudphysics-block,50.31708760176897,4148,524340,50
820307312,8,5442,1301.3294,6265139,80.5174,0.4316,0.0076,0.0054,630361,130.932,twitter_cluster3,twitter/cluster3.oracleGeneral.zst,twr/cluster3.oracleGeneral.zst,1,twitter-kv,0.7350129999577999,60,5494,43
5702089313,10,53,9106.7031,58054351,217.5399,1.9766,0.0102,0.0091,626142,98.2198,twitter_cluster44,twitter/cluster44.oracleGeneral.zst,twr/cluster44.oracleGeneral.zst,1,twitter-kv,4.788101037329435,62,105,43
27165370,512,524288,51.4313,5366520,375.8014,93.8472,0.1976,0.2497,528188,5.062,cp_w24,cloudphysics/w24.oracleGeneral.bin.zst,cphy/w24.oracleGeneral.bin.zst,4,cloudphysics-block,94.10709398360252,564,524340,50
14314717,4096,524288,23.5711,298214,139.3897,2.9347,0.0208,0.0211,607300,48.0015,cp_w47,cloudphysics/w47.oracleGeneral.bin.zst,cphy/w47.oracleGeneral.bin.zst,4,cloudphysics-block,2.9491421383738516,4148,524340,50
799295267,44,61904,1274.2728,1594452,15424.3555,5.1221,0.002,0.0003,627256,501.2978,twitter_cluster49,twitter/cluster49.oracleGeneral.zst,twr/cluster49.oracleGeneral.zst,1,twitter-kv,5.199317355370521,96,61956,43
17920022,512,524288,29.51,608255,149.7055,5.7171,0.0339,0.0382,607252,29.4614,cp_w39,cloudphysics/w39.oracleGeneral.bin.zst,cphy/w39.oracleGeneral.bin.zst,4,cloudphysics-block,5.746557043856383,564,524340,50
34816425,512,1052672,57.0998,8932576,2845.2738,705.3907,0.2566,0.2479,609747,3.8977,cp_w14,cloudphysics/w14.oracleGeneral.bin.zst,cphy/w14.oracleGeneral.bin.zst,4,cloudphysics-block,705.82329370327,564,1052724,50
1302137879,17,767375,2071.1956,267311,20374.3291,1.0155,0.0002,0.0,628689,4871.2469,twitter_cluster8,twitter/cluster8.oracleGeneral.zst,twr/cluster8.oracleGeneral.zst,1,twitter-kv,1.028445543974638,69,767427,43
825381985,44,769391,1320.1908,518251246,1665.821,1403.5642,0.6279,0.8426,625199,1.5926,twitter_cluster13,twitter/cluster13.oracleGeneral.zst,twr/cluster13.oracleGeneral.zst,1,twitter-kv,1428.6624724055648,96,769443,43
48342350,512,1048576,91.1829,12529804,4375.7002,1459.7551,0.2592,0.3336,530169,3.8582,cp_w10,cloudphysics/w10.oracleGeneral.bin.zst,cphy/w10.oracleGeneral.bin.zst,4,cloudphysics-block,1460.3619030446769,564,1048628,50
22466283,512,1052672,44.7565,3675624,357.6013,69.2342,0.1636,0.1936,501967,6.1122,cp_w18,cloudphysics/w18.oracleGeneral.bin.zst,cphy/w18.oracleGeneral.bin.zst,4,cloudphysics-block,69.41220596356392,564,1052724,50
9551283,12,520192,15.7289,1736966,225.3645,21.9158,0.1819,0.0972,607244,5.4988,cp_w51,cloudphysics/w51.oracleGeneral.bin.zst,cphy/w51.oracleGeneral.bin.zst,4,cloudphysics-block,21.999919133651257,64,520244,50
18840688,512,65536,45.2748,5087576,111.4946,46.5561,0.27,0.4176,416141,3.7033,cp_w37,cloudphysics/w37.oracleGeneral.bin.zst,cphy/w37.oracleGeneral.bin.zst,4,cloudphysics-block,46.80248506770134,564,65588,50
49622929,512,1052672,81.3813,14867471,4473.8237,1055.9987,0.2996,0.236,609758,3.3377,cp_w09,cloudphysics/w09.oracleGeneral.bin.zst,cphy/w09.oracleGeneral.bin.zst,4,cloudphysics-block,1056.7187133912266,564,1052724,50
8660501058,8,523288,0.0,198924129,5183.5983,242.2234,0.023,0.0467,0,43.5367,meta_202312_kv_traces_all,metaKV/202312_kv_traces_all.csv.oracleGeneral.zst,metaKV/202312_kv_traces_all.csv.oracleGeneral.zst,4,meta-kv,251.85705166261792,60,523340,50
19553551,512,1048576,32.8563,5140683,987.5302,205.2573,0.2629,0.2078,595123,3.8037,cp_w34,cloudphysics/w34.oracleGeneral.bin.zst,cphy/w34.oracleGeneral.bin.zst,4,cloudphysics-block,205.50625697459577,564,1048628,50
11866133317,6,16030,17986.2116,51648769,3675.4457,3.9798,0.0044,0.0011,659735,229.7467,twitter_cluster54,twitter/cluster54.oracleGeneral.zst,twr/cluster54.oracleGeneral.zst,1,twitter-kv,6.481086555081606,58,16082,43
2652082865,10,4194301,1461.6867,49322443,76472.7209,4850.5594,0.0186,0.0634,1814399,53.7703,wiki_2019u,wiki/wiki_2019u.oracleGeneral.zst,wiki/wiki_2019u.oracleGeneral.zst,4,wiki-cdn,4852.9480254392565,62,4194353,50
6705048996,13,137518,10817.0203,19082909,601.6886,1.754,0.0028,0.0029,619861,351.3641,twitter_cluster33,twitter/cluster33.oracleGeneral.zst,twr/cluster33.oracleGeneral.zst,1,twitter-kv,2.67816188493371,65,137570,43
2731703259,1,4194142,3826.4723,508608868,72338.7812,11884.4485,0.1862,0.1643,713896,5.3709,tencent_photo2,tencentPhoto/tencent_photo2.oracleGeneral.zst,tencentPhoto/tencent_photo2.oracleGeneral.zst,4,tencent-cdn,11909.079803861738,53,4194194,50
7458266,8,69632,93.2178,6435308,437.11,396.7586,0.8628,0.9077,80009,1.159,cp_w64,cloudphysics/w64.oracleGeneral.bin.zst,cphy/w64.oracleGeneral.bin.zst,4,cloudphysics-block,397.0702540759802,60,69684,50
3768450,4096,524288,6.6385,1810588,77.8548,50.8166,0.4805,0.6527,567665,2.0813,cp_w97,cloudphysics/w97.oracleGeneral.bin.zst,cphy/w97.oracleGeneral.bin.zst,4,cloudphysics-block,50.90428455684185,4148,524340,50
3558215,512,1052672,6.1181,325151,49.4171,7.6564,0.0914,0.1549,581588,10.9433,cp_w102,cloudphysics/w102.oracleGeneral.bin.zst,cphy/w102.oracleGeneral.bin.zst,4,cloudphysics-block,7.672146664255857,564,1052724,50
21390010,512,524288,36.5634,1154006,427.8893,28.3889,0.054,0.0663,585011,18.5354,cp_w30,cloudphysics/w30.oracleGeneral.bin.zst,cphy/w30.oracleGeneral.bin.zst,4,cloudphysics-block,28.44478709563017,564,524340,50
22248591,512,1052672,43.9093,7813606,221.3751,66.457,0.3512,0.3002,506694,2.8474,cp_w22,cloudphysics/w22.oracleGeneral.bin.zst,cphy/w22.oracleGeneral.bin.zst,4,cloudphysics-block,66.83540335816144,564,1052724,50
3275919,512,69632,6.2865,337644,30.4539,4.3986,0.1031,0.1444,521103,9.7023,cp_w106,cloudphysics/w106.oracleGeneral.bin.zst,cphy/w106.oracleGeneral.bin.zst,4,cloudphysics-block,4.41495168492794,564,69684,50
156594627,23,226327,245.3777,12231055,22.0316,1.4648,0.0781,0.0665,638178,12.803,twitter_cluster26,twitter/cluster26.oracleGeneral.zst,twr/cluster26.oracleGeneral.zst,1,twitter-kv,2.0571349969089034,75,226379,43
15064629,4096,524288,24.808,326828,160.8891,2.6995,0.0217,0.0168,607248,46.0934,cp_w45,cloudphysics/w45.oracleGeneral.bin.zst,cphy/w45.oracleGeneral.bin.zst,4,cloudphysics-block,2.7153278793096542,4148,524340,50
11550125,192,1052672,4.0009,4593832,2147.1978,1240.8514,0.3977,0.5779,2886885,2.5143,cp_w46,cloudphysics/w46.oracleGeneral.bin.zst,cphy/w46.oracleGeneral.bin.zst,4,cloudphysics-block,1241.0738736511707,244,1052724,50
1044513075,6,10405,1670.7638,4467952,1108.1038,0.574,0.0043,0.0005,625171,233.7789,twitter_cluster7,twitter/cluster7.oracleGeneral.zst,twr/cluster7.oracleGeneral.zst,1,twitter-kv,0.7903774371147155,58,10457,43
10554725,4096,524288,19.3033,458321,116.8338,14.531,0.0434,0.1244,546783,23.0291,cp_w57,cloudphysics/w57.oracleGeneral.bin.zst,cphy/w57.oracleGeneral.bin.zst,4,cloudphysics-block,14.553195924073458,4148,524340,50
69392150,512,1052672,118.7285,1699448,923.6332,21.8565,0.0245,0.0237,584461,40.8322,cp_w06,cloudphysics/w06.oracleGeneral.bin.zst,cphy/w06.oracleGeneral.bin.zst,4,cloudphysics-block,21.938802182912827,564,1052724,50
4316605,512,69632,7.6046,584272,69.5383,15.7123,0.1354,0.226,567632,7.388,cp_w91,cloudphysics/w91.oracleGeneral.bin.zst,cphy/w91.oracleGeneral.bin.zst,4,cloudphysics-block,15.740595576572419,564,69684,50
4814234,1024,524288,7.9353,720165,125.0834,20.1857,0.1496,0.1614,606685,6.6849,cp_w84,cloudphysics/w84.oracleGeneral.bin.zst,cphy/w84.oracleGeneral.bin.zst,4,cloudphysics-block,20.220576707941294,1076,524340,50
6610320613,44,8148,10674.5308,1158442750,1464.0912,48.1412,0.1752,0.0329,619261,5.7062,twitter_cluster46,twitter/cluster46.oracleGeneral.zst,twr/cluster46.oracleGeneral.zst,1,twitter-kv,104.24316199268102,96,8200,43
8376428572,10,15831,13452.5228,21354693,3476.0092,0.8974,0.0025,0.0003,622666,392.2524,twitter_cluster6,twitter/cluster6.oracleGeneral.zst,twr/cluster6.oracleGeneral.zst,1,twitter-kv,1.931581598573923,62,15883,43
2799835139,10,4194301,4629.3647,36926444,66484.2377,3467.8219,0.0132,0.0522,604799,75.822,wiki_2016u,wiki/wiki_2016u.oracleGeneral.zst,wiki/wiki_2016u.oracleGeneral.zst,4,wiki-cdn,3469.6102024066686,62,4194353,50
12116074,512,1052672,21.3794,1825486,122.4647,17.765,0.1507,0.1451,566718,6.6372,cp_w44,cloudphysics/w44.oracleGeneral.bin.zst,cphy/w44.oracleGeneral.bin.zst,4,cloudphysics-block,17.853406048715115,564,1052724,50
10223136,512,1048576,16.9429,1025107,129.4879,10.3049,0.1003,0.0796,603387,9.9728,cp_w59,cloudphysics/w59.oracleGeneral.bin.zst,cphy/w59.oracleGeneral.bin.zst,4,cloudphysics-block,10.35454467510581,564,1048628,50
11451546,512,69632,19.9566,694839,80.2531,7.306,0.0607,0.091,573822,16.4809,cp_w52,cloudphysics/w52.oracleGeneral.bin.zst,cphy/w52.oracleGeneral.bin.zst,4,cloudphysics-block,7.339650200814009,564,69684,50
27914470,512,1052672,55.4613,2845640,610.8873,72.8716,0.1019,0.1193,503314,9.8096,cp_w23,cloudphysics/w23.oracleGeneral.bin.zst,cphy/w23.oracleGeneral.bin.zst,4,cloudphysics-block,73.0094108561039,564,1052724,50
79209939,1,4194301,114.5863,28352096,22925.899,5094.4783,0.3579,0.2222,691269,2.7938,meta_rprn,metaCDN/meta_rprn.oracleGeneral.zst,metaCDN/meta_rprn.oracleGeneral.zst,4,meta-cdn,5095.851357246208,53,4194353,50
9884691,512,1048576,16.7375,1046466,260.797,28.9899,0.1059,0.1112,590571,9.4458,cp_w61,cloudphysics/w61.oracleGeneral.bin.zst,cphy/w61.oracleGeneral.bin.zst,4,cloudphysics-block,29.040579065287112,564,1048628,50
207645962,10,4104674,114.4434,18394467,6453.9666,400.3215,0.0886,0.062,1814399,11.2885,wiki_2019t,wiki/wiki_2019t.oracleGeneral.zst,wiki/wiki_2019t.oracleGeneral.zst,4,wiki-cdn,401.2123214829862,62,4104726,50
13426570607,9,6988,24228.6458,251815444,2067.6507,22.932,0.0188,0.0111,554161,53.3191,twitter_cluster52,twitter/cluster52.oracleGeneral.zst,twr/cluster52.oracleGeneral.zst,1,twitter-kv,35.127113196969034,61,7040,43
5267932037,16,10060,8876.7767,62076841,1107.4251,5.8229,0.0118,0.0053,593451,84.8615,twitter_cluster28,twitter/cluster28.oracleGeneral.zst,twr/cluster28.oracleGeneral.zst,1,twitter-kv,8.829205295974017,68,10112,43
10544409258,9,69689,18878.6226,6294746,593.8749,0.4209,0.0006,0.0007,558537,1675.1127,twitter_cluster25,twitter/cluster25.oracleGeneral.zst,twr/cluster25.oracleGeneral.zst,1,twitter-kv,0.7257468306660653,61,69741,43
1828228908,19,7018,2927.4098,127904403,2270.6794,128.9453,0.07,0.0568,624521,14.2937,twitter_cluster35,twitter/cluster35.oracleGeneral.zst,twr/cluster35.oracleGeneral.zst,1,twitter-kv,135.13955341114402,71,7070,43
19739621,192,1052672,32.5074,5944304,599.7809,213.274,0.3011,0.3556,607234,3.3208,cp_w28,cloudphysics/w28.oracleGeneral.bin.zst,cphy/w28.oracleGeneral.bin.zst,4,cloudphysics-block,213.56187535429,244,1052724,50
5256246,512,69632,8.6628,382760,69.5305,4.5749,0.0728,0.0658,606758,13.7325,cp_w80,cloudphysics/w80.oracleGeneral.bin.zst,cphy/w80.oracleGeneral.bin.zst,4,cloudphysics-block,4.593436597490311,564,69684,50
29842317,512,1052672,48.942,10999689,3044.1661,1068.3415,0.3686,0.3509,609749,2.713,cp_w20,cloudphysics/w20.oracleGeneral.bin.zst,cphy/w20.oracleGeneral.bin.zst,4,cloudphysics-block,1068.8742014513314,564,1052724,50
6368815,512,1048576,10.4977,601227,50.1488,6.7424,0.0944,0.1344,606688,10.593,cp_w73,cloudphysics/w73.oracleGeneral.bin.zst,cphy/w73.oracleGeneral.bin.zst,4,cloudphysics-block,6.771516686433554,564,1048628,50
6322932555,44,783,10159.3451,4995570,1335.1997,0.3587,0.0008,0.0003,622376,1265.7079,twitter_cluster51,twitter/cluster51.oracleGeneral.zst,twr/cluster51.oracleGeneral.zst,1,twitter-kv,0.600629329931736,96,835,43
44464937,192,524288,75.03,9040043,4244.029,1013.4951,0.2033,0.2388,592629,4.9187,cp_w08,cloudphysics/w08.oracleGeneral.bin.zst,cphy/w08.oracleGeneral.bin.zst,4,cloudphysics-block,1013.9328981983125,244,524340,50
26532121,1024,524288,43.5153,3045564,572.7378,141.5784,0.1148,0.2472,609719,8.7117,cp_w26,cloudphysics/w26.oracleGeneral.bin.zst,cphy/w26.oracleGeneral.bin.zst,4,cloudphysics-block,141.72589293029307,1076,524340,50
9898835,512,1052672,16.2337,1429630,152.2652,32.7899,0.1444,0.2153,609772,6.9241,cp_w60,cloudphysics/w60.oracleGeneral.bin.zst,cphy/w60.oracleGeneral.bin.zst,4,cloudphysics-block,32.859135228002074,564,1052724,50
335173084,54,523486,3878.5998,16984531,189.259,15.1428,0.0507,0.08,86416,19.734,meta_meta_kvcache_traces_1,metaKV/meta_kvcache_traces_1.oracleGeneral.bin.zst,metaKV/meta_kvcache_traces_1.oracleGeneral.bin.zst,4,meta-kv,15.965340011256933,106,523538,50
9316229,512,1052672,18.2443,2278384,337.9208,54.5818,0.2446,0.1615,510639,4.089,cp_w65,cloudphysics/w65.oracleGeneral.bin.zst,cphy/w65.oracleGeneral.bin.zst,4,cloudphysics-block,54.69213934354782,564,1052724,50
8875971,512,1048576,15.6387,816544,149.0224,20.6736,0.092,0.1387,567566,10.8702,cp_w68,cloudphysics/w68.oracleGeneral.bin.zst,cphy/w68.oracleGeneral.bin.zst,4,cloudphysics-block,20.713144224739075,564,1048628,50
29416348,512,524288,49.1452,4507350,2856.4163,373.4571,0.1532,0.1307,598560,6.5263,cp_w21,cloudphysics/w21.oracleGeneral.bin.zst,cphy/w21.oracleGeneral.bin.zst,4,cloudphysics-block,373.67538543394807,564,524340,50
10791885322,10,1312,17319.7239,14619041,533.0411,0.5941,0.0014,0.0011,623098,738.2075,twitter_cluster16,twitter/cluster16.oracleGeneral.zst,twr/cluster16.oracleGeneral.zst,1,twitter-kv,1.3020822309315205,62,1364,43
10646675648,17,1032,17224.7876,15110452,648.9544,0.4799,0.0014,0.0007,618102,704.5902,twitter_cluster9,twitter/cluster9.oracleGeneral.zst,twr/cluster9.oracleGeneral.zst,1,twitter-kv,1.2116806631326675,69,1084,43
2030691718,14,114,3241.7674,403600507,105.5832,21.0015,0.1988,0.1989,626415,5.0314,twitter_cluster22,twitter/cluster22.oracleGeneral.zst,twr/cluster22.oracleGeneral.zst,1,twitter-kv,40.54737769135833,66,166,43
20776392,512,69632,34.2354,3690399,214.7833,44.5799,0.1776,0.2076,606868,5.6298,cp_w32,cloudphysics/w32.oracleGeneral.bin.zst,cphy/w32.oracleGeneral.bin.zst,4,cloudphysics-block,44.758621498698,564,69684,50
4711053,512,1052672,7.7613,418027,67.973,7.5746,0.0887,0.1114,606992,11.2697,cp_w88,cloudphysics/w88.oracleGeneral.bin.zst,cphy/w88.oracleGeneral.bin.zst,4,cloudphysics-block,7.594844535058737,564,1052724,50
6920247859,35,1010354,11189.0129,252473172,1939.3606,64.8324,0.0365,0.0334,618486,27.4098,twitter_cluster29,twitter/cluster29.oracleGeneral.zst,twr/cluster29.oracleGeneral.zst,1,twitter-kv,77.05936615755559,87,1010406,43
40668525,1,4194298,58.8306,11885460,6659.6183,2425.7593,0.2923,0.3642,691282,3.4217,meta_reag,metaCDN/meta_reag.oracleGeneral.zst,metaCDN/meta_reag.oracleGeneral.zst,4,meta-cdn,2426.3348982548,53,4194350,50
10530695,512,1052672,17.4186,1351351,263.2472,37.0809,0.1283,0.1409,604567,7.7927,cp_w58,cloudphysics/w58.oracleGeneral.bin.zst,cphy/w58.oracleGeneral.bin.zst,4,cloudphysics-block,37.14634427201152,564,1052724,50
18915625,4096,524288,31.1454,1248956,147.9814,7.7662,0.066,0.0525,607332,15.1451,cp_w36,cloudphysics/w36.oracleGeneral.bin.zst,cphy/w36.oracleGeneral.bin.zst,4,cloudphysics-block,7.826685407710076,4148,524340,50
2917054979,2,4194201,4089.2912,529260409,76803.4025,12312.6212,0.1814,0.1603,713340,5.5116,tencent_photo1,tencentPhoto/tencent_photo1.oracleGeneral.zst,tencentPhoto/tencent_photo1.oracleGeneral.zst,4,tencent-cdn,12338.2526326711,54,4194253,50
6928385,512,1052672,13.4533,506904,161.7793,32.1536,0.0732,0.1987,514995,13.668,cp_w70,cloudphysics/w70.oracleGeneral.bin.zst,cphy/w70.oracleGeneral.bin.zst,4,cloudphysics-block,32.17814873919487,564,1052724,50
67427405,512,65536,117.5023,9502621,542.339,136.6533,0.1409,0.252,573839,7.0957,cp_w07,cloudphysics/w07.oracleGeneral.bin.zst,cphy/w07.oracleGeneral.bin.zst,4,cloudphysics-block,137.1135002836764,564,65588,50
3168270709,68,346723,5068.0655,697149899,693.061,156.2205,0.22,0.2254,625144,4.5446,twitter_cluster37,twitter/cluster37.oracleGeneral.zst,twr/cluster37.oracleGeneral.zst,1,twitter-kv,189.98261481913923,120,346775,43
84712978,512,1052672,138.9359,27852385,7123.121,1787.2432,0.3288,0.2509,609727,3.0415,cp_w03,cloudphysics/w03.oracleGeneral.bin.zst,cphy/w03.oracleGeneral.bin.zst,4,cloudphysics-block,1788.5920568551837,564,1052724,50
11151558,192,1052672,18.3636,1594732,370.7679,75.3536,0.143,0.2032,607264,6.9927,cp_w49,cloudphysics/w49.oracleGeneral.bin.zst,cphy/w49.oracleGeneral.bin.zst,4,cloudphysics-block,75.43083091542721,244,1052724,50
18535323,512,69632,30.396,2013253,175.4443,27.466,0.1086,0.1566,609795,9.2067,cp_w38,cloudphysics/w38.oracleGeneral.bin.zst,cphy/w38.oracleGeneral.bin.zst,4,cloudphysics-block,27.563499374300243,564,69684,50
33628757,512,1052672,68.0816,5558760,245.4551,62.4017,0.1653,0.2542,493948,6.0497,cp_w15,cloudphysics/w15.oracleGeneral.bin.zst,cphy/w15.oracleGeneral.bin.zst,4,cloudphysics-block,62.670903931093214,564,1052724,50
3375344,512,1052672,5.7189,654126,91.2475,17.2826,0.1938,0.1894,590211,5.1601,cp_w105,cloudphysics/w105.oracleGeneral.bin.zst,cphy/w105.oracleGeneral.bin.zst,4,cloudphysics-block,17.31427852014303,564,1052724,50
26702188,512,1052672,53.4999,8143839,362.5549,86.6782,0.305,0.2391,499107,3.2788,cp_w16,cloudphysics/w16.oracleGeneral.bin.zst,cphy/w16.oracleGeneral.bin.zst,4,cloudphysics-block,87.07259613744617,564,1052724,50
10899629,4096,524288,19.1502,439006,111.0294,13.8987,0.0403,0.1252,569166,24.828,cp_w56,cloudphysics/w56.oracleGeneral.bin.zst,cphy/w56.oracleGeneral.bin.zst,4,cloudphysics-block,13.919960522305965,4148,524340,50
139655585,7,184353,235.4787,2658481,2414.4703,40.3795,0.019,0.0167,593071,52.5321,twitter_cluster50,twitter/cluster50.oracleGeneral.zst,twr/cluster50.oracleGeneral.zst,1,twitter-kv,40.50824697521329,59,184405,43
215796257,512,1052672,397.0339,122804013,1062.3103,638.8431,0.5691,0.6014,543521,1.7572,cp_w01,cloudphysics/w01.oracleGeneral.bin.zst,cphy/w01.oracleGeneral.bin.zst,4,cloudphysics-block,644.7903477771342,564,1052724,50
3587707,4096,524288,6.3683,1754573,74.5671,50.1638,0.4891,0.6727,563371,2.0448,cp_w101,cloudphysics/w101.oracleGeneral.bin.zst,cphy/w101.oracleGeneral.bin.zst,4,cloudphysics-block,50.248771819072964,4148,524340,50
16894445,512,1052672,27.7067,2451919,312.5471,57.691,0.1451,0.1846,609761,6.8903,cp_w42,cloudphysics/w42.oracleGeneral.bin.zst,cphy/w42.oracleGeneral.bin.zst,4,cloudphysics-block,57.80974343082309,564,1052724,50
3904264364,25,37227,6273.6441,13370349,1384.5172,0.9413,0.0034,0.0007,622328,292.0092,twitter_cluster42,twitter/cluster42.oracleGeneral.zst,twr/cluster42.oracleGeneral.zst,1,twitter-kv,1.5888096084177494,77,37279,43
2554900851,19,28143,4096.9398,12998481,119.154,0.7536,0.0051,0.0063,623612,196.5538,twitter_cluster30,twitter/cluster30.oracleGeneral.zst,twr/cluster30.oracleGeneral.zst,1,twitter-kv,1.3831004971325398,71,28195,43
5026619,512,69632,8.2425,599684,125.4294,19.1657,0.1193,0.1528,609839,8.3821,cp_w81,cloudphysics/w81.oracleGeneral.bin.zst,cphy/w81.oracleGeneral.bin.zst,4,cloudphysics-block,19.194741960835458,564,69684,50
77764582,512,1052672,127.5358,18753381,6967.632,1662.5424,0.2412,0.2386,609747,4.1467,cp_w04,cloudphysics/w04.oracleGeneral.bin.zst,cphy/w04.oracleGeneral.bin.zst,4,cloudphysics-block,1663.4506032479346,564,1052724,50
6343762,512,1052672,10.8315,296768,57.421,4.4165,0.0468,0.0769,585675,21.3762,cp_w74,cloudphysics/w74.oracleGeneral.bin.zst,cphy/w74.oracleGeneral.bin.zst,4,cloudphysics-block,4.430872110366821,564,1052724,50
26569398,512,65536,55.5757,3673364,1264.8469,150.0806,0.1383,0.1187,478076,7.233,cp_w25,cloudphysics/w25.oracleGeneral.bin.zst,cphy/w25.oracleGeneral.bin.zst,4,cloudphysics-block,150.25849651453495,564,65588,50
3351357,192,1052672,5.8034,1068996,133.0888,31.215,0.319,0.2345,577477,3.1351,cp_w93,cloudphysics/w93.oracleGeneral.bin.zst,cphy/w93.oracleGeneral.bin.zst,4,cloudphysics-block,31.26677016556263,244,1052724,50
17657232,512,524288,29.074,881317,142.4689,6.5314,0.0499,0.0458,607321,20.0351,cp_w40,cloudphysics/w40.oracleGeneral.bin.zst,cphy/w40.oracleGeneral.bin.zst,4,cloudphysics-block,6.574081101709604,564,524340,50
6407185,512,69632,10.5558,430716,71.0218,6.9478,0.0672,0.0978,606982,14.8757,cp_w72,cloudphysics/w72.oracleGeneral.bin.zst,cphy/w72.oracleGeneral.bin.zst,4,cloudphysics-block,6.9686590477705,564,69684,50
3787344,512,524288,6.2126,581364,71.2827,16.2719,0.1535,0.2283,609623,6.5146,cp_w96,cloudphysics/w96.oracleGeneral.bin.zst,cphy/w96.oracleGeneral.bin.zst,4,cloudphysics-block,16.300054745697974,564,524340,50
19087784,192,1052672,38.2309,4906097,145.7355,46.9392,0.257,0.3221,499276,3.8906,cp_w29,cloudphysics/w29.oracleGeneral.bin.zst,cphy/w29.oracleGeneral.bin.zst,4,cloudphysics-block,47.17679626224637,244,1052724,50
1482478166,8,523288,3430.6936,48009053,809.1686,83.3087,0.0324,0.103,432122,30.8791,meta_202210_kv,metaKV/202210_kv_traces_all_sort.csv.oracleGeneral.zst,metaKV/202210_kv_traces_all_sort.csv.oracleGeneral.zst,4,meta-kv,85.63371957193017,60,523340,50
7226679214,14,24999,11655.671,3580573,819.4018,0.1362,0.0005,0.0002,620014,2018.3024,twitter_cluster2,twitter/cluster2.oracleGeneral.zst,twr/cluster2.oracleGeneral.zst,1,twitter-kv,0.3096027601778507,66,25051,43
1329229014,40,576,2135.023,1247278611,148.5432,139.3084,0.9383,0.9378,622583,1.0657,twitter_cluster39,twitter/cluster39.oracleGeneral.zst,twr/cluster39.oracleGeneral.zst,1,twitter-kv,199.71257381748558,92,628,43
3937240,512,1052672,6.4884,415996,57.2707,8.2447,0.1057,0.144,606815,9.4646,cp_w95,cloudphysics/w95.oracleGeneral.bin.zst,cphy/w95.oracleGeneral.bin.zst,4,cloudphysics-block,8.264846176218986,564,1052724,50
5616402,512,1052672,9.2522,1063317,96.6346,17.6128,0.1893,0.1823,607035,5.282,cp_w77,cloudphysics/w77.oracleGeneral.bin.zst,cphy/w77.oracleGeneral.bin.zst,4,cloudphysics-block,17.664295138555765,564,1052724,50
15617420,4096,65536,27.8866,3722583,471.817,119.9959,0.2384,0.2543,560033,4.1953,cp_w43,cloudphysics/w43.oracleGeneral.bin.zst,cphy/w43.oracleGeneral.bin.zst,4,cloudphysics-block,120.17618013035656,4148,65588,50
2147047915,8,453311,3427.6481,14255292,274.9405,2.5557,0.0066,0.0093,626391,150.6141,twitter_cluster34,twitter/cluster34.oracleGeneral.zst,twr/cluster34.oracleGeneral.zst,1,twitter-kv,3.2460663128614424,60,453363,43
3029143401,28,134692,5979.9731,69408243,724.38,6.5559,0.0229,0.0091,506548,43.6424,twitter_cluster14,twitter/cluster14.oracleGeneral.zst,twr/cluster14.oracleGeneral.zst,1,twitter-kv,9.917256105655433,80,134744,43
8973978,192,1052672,108.0343,5348665,737.8764,557.2461,0.596,0.7552,83066,1.6778,cp_w53,cloudphysics/w53.oracleGeneral.bin.zst,cphy/w53.oracleGeneral.bin.zst,4,cloudphysics-block,557.5051292878449,244,1052724,50
39822877,4096,65536,83.7053,5561707,1146.5443,189.5669,0.1397,0.1653,475751,7.1602,cp_w13,cloudphysics/w13.oracleGeneral.bin.zst,cphy/w13.oracleGeneral.bin.zst,4,cloudphysics-block,189.83624665068984,4148,65588,50
19868346,4096,524288,32.7173,1446572,154.7551,8.4681,0.0728,0.0547,607273,13.7348,cp_w33,cloudphysics/w33.oracleGeneral.bin.zst,cphy/w33.oracleGeneral.bin.zst,4,cloudphysics-block,8.538155708289146,4148,524340,50
1342423951,40,5983,2123.4905,1259566139,285.0331,266.9463,0.9383,0.9365,632178,1.0658,twitter_cluster38,twitter/cluster38.oracleGeneral.zst,twr/cluster38.oracleGeneral.zst,1,twitter-kv,327.9455437325418,92,6035,43
5263841494,14,163,8486.6038,5217387319,589.8057,584.5083,0.9912,0.991,620253,1.0089,twitter_cluster15,twitter/cluster15.oracleGeneral.zst,twr/cluster15.oracleGeneral.zst,1,twitter-kv,837.1799707162559,66,215,43
3442094,512,1052672,5.6959,430377,48.5582,7.6328,0.125,0.1572,604306,7.9979,cp_w103,cloudphysics/w103.oracleGeneral.bin.zst,cphy/w103.oracleGeneral.bin.zst,4,cloudphysics-block,7.6536426304161544,564,1052724,50
3660840,512,524288,6.0033,437194,107.2902,18.842,0.1194,0.1756,609801,8.3735,cp_w99,cloudphysics/w99.oracleGeneral.bin.zst,cphy/w99.oracleGeneral.bin.zst,4,cloudphysics-block,18.863172769367694,564,524340,50
13062209198,8,11977,26917.2387,11460973,834.5079,0.2766,0.0009,0.0003,485273,1139.7121,twitter_cluster18,twitter/cluster18.oracleGeneral.zst,twr/cluster18.oracleGeneral.zst,1,twitter-kv,0.8316408698618412,60,12029,43
73034546,512,1048576,138.0654,41379800,4323.0739,1436.9431,0.5666,0.3324,528985,1.765,cp_w05,cloudphysics/w05.oracleGeneral.bin.zst,cphy/w05.oracleGeneral.bin.zst,4,cloudphysics-block,1438.9470729773998,564,1048628,50
9380316,512,65536,15.3832,4797750,175.1514,58.0903,0.5115,0.3317,609775,1.9551,cp_w63,cloudphysics/w63.oracleGeneral.bin.zst,cphy/w63.oracleGeneral.bin.zst,4,cloudphysics-block,58.32264914988279,564,65588,50
83429266,1,4194282,120.6991,34429662,19917.451,4457.6348,0.4127,0.2238,691217,2.4232,meta_rnha,metaCDN/meta_rnha.oracleGeneral.zst,metaCDN/meta_rnha.oracleGeneral.zst,4,meta-cdn,4459.302186315763,53,4194334,50
14097008,512,1052672,25.2868,3600621,1191.6115,205.4541,0.2554,0.1724,557484,3.9152,cp_w48,cloudphysics/w48.oracleGeneral.bin.zst,cphy/w48.oracleGeneral.bin.zst,4,cloudphysics-block,205.6284736602366,564,1052724,50
1341176720,40,62,2122.3938,1258416526,69.8481,65.5388,0.9383,0.9383,631917,1.0658,twitter_cluster31,twitter/cluster31.oracleGeneral.zst,twr/cluster31.oracleGeneral.zst,1,twitter-kv,126.48236938451528,92,114,43
3214344864,44,28823,5157.2022,251823652,3613.524,10.7422,0.0783,0.003,623273,12.7643,twitter_cluster41,twitter/cluster41.oracleGeneral.zst,twr/cluster41.oracleGeneral.zst,1,twitter-kv,22.93771070034504,96,28875,43
122181000,1024,524288,201.2021,495582,5609.3126,19.5432,0.0041,0.0035,607255,246.5404,cp_w02,cloudphysics/w02.oracleGeneral.bin.zst,cphy/w02.oracleGeneral.bin.zst,4,cloudphysics-block,19.567200428617,1076,524340,50
3880481,192,1052672,6.7951,741617,57.485,19.7912,0.1911,0.3443,571069,5.2325,cp_w83,cloudphysics/w83.oracleGeneral.bin.zst,cphy/w83.oracleGeneral.bin.zst,4,cloudphysics-block,19.827115601998567,244,1052724,50
9497745,512,1052672,18.9637,4683074,79.7742,36.8996,0.4931,0.4625,500839,2.0281,cp_w62,cloudphysics/w62.oracleGeneral.bin.zst,cphy/w62.oracleGeneral.bin.zst,4,cloudphysics-block,37.12639553180933,564,1052724,50
1129939853,44,8040,1793.823,223122010,71.5425,17.6845,0.1975,0.2472,629906,5.0642,twitter_cluster48,twitter/cluster48.oracleGeneral.zst,twr/cluster48.oracleGeneral.zst,1,twitter-kv,28.490025369942188,96,8092,43
3667356838,40,254,5857.6957,3557353066,613.941,595.0623,0.97,0.9692,626075,1.0309,twitter_cluster32,twitter/cluster32.oracleGeneral.zst,twr/cluster32.oracleGeneral.zst,1,twitter-kv,767.3405472446561,92,306,43
1644762386,53,523508,0.0,52005744,958.1266,60.2059,0.0316,0.0628,0,31.6266,meta_202206_kv_traces_all,metaKV/202206_kv_traces_all.csv.oracleGeneral.zst,metaKV/202206_kv_traces_all.csv.oracleGeneral.zst,4,meta-kv,62.72447441663742,105,523560,50
4749563,512,69632,11.8917,4305575,92.1688,82.1314,0.9065,0.8911,399400,1.1031,cp_w86,cloudphysics/w86.oracleGeneral.bin.zst,cphy/w86.oracleGeneral.bin.zst,4,cloudphysics-block,82.3399137180984,564,69684,50
7874006,512,1052672,12.9765,1328886,160.8711,31.4905,0.1688,0.1958,606789,5.9253,cp_w69,cloudphysics/w69.oracleGeneral.bin.zst,cphy/w69.oracleGeneral.bin.zst,4,cloudphysics-block,31.554856319606305,564,1052724,50
19501541,192,1052672,40.5656,4330076,161.4014,45.6178,0.222,0.2826,480741,4.5037,cp_w27,cloudphysics/w27.oracleGeneral.bin.zst,cphy/w27.oracleGeneral.bin.zst,4,cloudphysics-block,45.82750027148724,244,1052724,50
6152624,512,1052672,10.1341,406375,163.8751,18.7578,0.066,0.1145,607122,15.1403,cp_w75,cloudphysics/w75.oracleGeneral.bin.zst,cphy/w75.oracleGeneral.bin.zst,4,cloudphysics-block,18.777480242985487,564,1052724,50
9772999471,9,1431,14361.6459,6786240,5182.6028,1.2285,0.0007,0.0002,680493,1440.1199,twitter_cluster17,twitter/cluster17.oracleGeneral.zst,twr/cluster17.oracleGeneral.zst,1,twitter-kv,1.5571492824554443,61,1483,43
9028144,512,1052672,14.8705,325367,77.8059,5.7741,0.036,0.0742,607119,27.7476,cp_w67,cloudphysics/w67.oracleGeneral.bin.zst,cphy/w67.oracleGeneral.bin.zst,4,cloudphysics-block,5.789857124871015,564,1052724,50
6840776,512,69632,16.3787,673334,51.4506,6.8732,0.0984,0.1336,417664,10.1596,cp_w71,cloudphysics/w71.oracleGeneral.bin.zst,cphy/w71.oracleGeneral.bin.zst,4,cloudphysics-block,6.905808740031719,564,69684,50
31398089,512,524288,56.0848,2731428,363.0452,44.6283,0.087,0.1229,559832,11.4951,cp_w17,cloudphysics/w17.oracleGeneral.bin.zst,cphy/w17.oracleGeneral.bin.zst,4,cloudphysics-block,44.76057970898152,564,524340,50
9169631,512,1048576,15.1138,86697,166.7266,2.7536,0.0095,0.0165,606707,105.7664,cp_w66,cloudphysics/w66.oracleGeneral.bin.zst,cphy/w66.oracleGeneral.bin.zst,4,cloudphysics-block,2.757798629409075,564,1048628,50
1191241025,8,523288,2756.7302,55250833,1259.8595,42.8593,0.0464,0.034,432121,21.5606,meta_202401_kv,metaKV/202401_kv_traces_all_sort.csv.oracleGeneral.zst,metaKV/202401_kv_traces_all_sort.csv.oracleGeneral.zst,4,meta-kv,45.53503009803891,60,523340,50
139150615,22,3591,225.5025,69561281,2.8517,1.4255,0.4999,0.4999,617069,2.0004,twitter_cluster10,twitter/cluster10.oracleGeneral.zst,twr/cluster10.oracleGeneral.zst,1,twitter-kv,4.7942675483524795,74,3643,43
21166982,512,1052672,34.8648,12906371,6196.9381,2614.3673,0.6097,0.4219,607116,1.64,cp_w31,cloudphysics/w31.oracleGeneral.bin.zst,cphy/w31.oracleGeneral.bin.zst,4,cloudphysics-block,2614.9923397227703,564,1052724,50
46173369,512,1048576,78.9895,2644480,1658.4903,75.7049,0.0573,0.0456,584551,17.4603,cp_w11,cloudphysics/w11.oracleGeneral.bin.zst,cphy/w11.oracleGeneral.bin.zst,4,cloudphysics-block,75.83296892395019,564,1048628,50
6225239439,44,2166,9978.3121,5155821,400.5318,0.3534,0.0008,0.0009,623877,1207.4196,twitter_cluster47,twitter/cluster47.oracleGeneral.zst,twr/cluster47.oracleGeneral.zst,1,twitter-kv,0.6030900893747806,96,2218,43
3395553,512,524288,5.5688,1830087,89.8122,46.1833,0.539,0.5142,609744,1.8554,cp_w104,cloudphysics/w104.oracleGeneral.bin.zst,cphy/w104.oracleGeneral.bin.zst,4,cloudphysics-block,46.27192886950374,564,524340,50
15415663,512,1052672,25.3855,606350,348.944,52.0625,0.0393,0.1492,607262,25.4237,cp_w35,cloudphysics/w35.oracleGeneral.bin.zst,cphy/w35.oracleGeneral.bin.zst,4,cloudphysics-block,52.09186478704214,564,1052724,50
3625918,512,1052672,5.9718,770712,62.0231,21.8123,0.2126,0.3517,607175,4.7046,cp_w89,cloudphysics/w89.oracleGeneral.bin.zst,cphy/w89.oracleGeneral.bin.zst,4,cloudphysics-block,21.849624637174607,564,1052724,50
3663259123,10,55909,5871.5673,89725634,230.923,6.097,0.0245,0.0264,623898,40.8273,twitter_cluster20,twitter/cluster20.oracleGeneral.zst,twr/cluster20.oracleGeneral.zst,1,twitter-kv,10.44230244022608,62,55961,43
246508262,10,40575,1331.9155,7263330,1580.5428,10.0239,0.0295,0.0063,185078,33.9387,twitter_cluster53,twitter/cluster53.oracleGeneral.zst,twr/cluster53.oracleGeneral.zst,1,twitter-kv,10.375654166185855,62,40627,43
220210985,9,523289,509.6096,19068564,381.6402,31.8512,0.0866,0.0835,432117,11.5484,meta_memcache_2024_kv,metaKV/memcache_2024_intel.csv.oracleGeneral.zst,metaKV/memcache_2024_intel.csv.oracleGeneral.zst,4,meta-kv,32.7746671741724,61,523341,50
5493106,512,1052672,9.161,813801,150.4254,34.4226,0.1481,0.2288,599617,6.7499,cp_w78,cloudphysics/w78.oracleGeneral.bin.zst,cphy/w78.oracleGeneral.bin.zst,4,cloudphysics-block,34.462011384612325,564,1052724,50
5333543178,26,144388,8565.5191,1441793799,801.9337,333.7362,0.2703,0.4162,622676,3.6992,twitter_cluster23,twitter/cluster23.oracleGeneral.zst,twr/cluster23.oracleGeneral.zst,1,twitter-kv,403.5605058733642,78,144440,43
4493515,512,1052672,10.041,590031,182.2736,16.272,0.1313,0.0893,447517,7.6157,cp_w90,cloudphysics/w90.oracleGeneral.bin.zst,cphy/w90.oracleGeneral.bin.zst,4,cloudphysics-block,16.30057447788119,564,1052724,50
3448082328,56,179665,5537.647,106578360,770.5402,13.6594,0.0309,0.0177,622662,32.3526,twitter_cluster4,twitter/cluster4.oracleGeneral.zst,twr/cluster4.oracleGeneral.zst,1,twitter-kv,18.820859296941755,108,179717,43
10458446348,26,36141,16846.6427,2074602824,464.6766,66.0436,0.1984,0.1421,620803,5.0412,twitter_cluster5,twitter/cluster5.oracleGeneral.zst,twr/cluster5.oracleGeneral.zst,1,twitter-kv,166.51407105431556,78,36193,43
3788806,192,1052672,45.7315,2188363,93.8222,32.9536,0.5776,0.3512,82849,1.7313,cp_w87,cloudphysics/w87.oracleGeneral.bin.zst,cphy/w87.oracleGeneral.bin.zst,4,cloudphysics-block,33.05957973689437,244,1052724,50
8855434,192,1052672,17.6741,7281718,61.2691,38.3816,0.8223,0.6264,501041,1.2161,cp_w55,cloudphysics/w55.oracleGeneral.bin.zst,cphy/w55.oracleGeneral.bin.zst,4,cloudphysics-block,38.73424467447996,244,1052724,50
2731402190,13,67087,4386.8504,26619854,1021.0848,3.9633,0.0097,0.0039,622634,102.6077,twitter_cluster11,twitter/cluster11.oracleGeneral.zst,twr/cluster11.oracleGeneral.zst,1,twitter-kv,5.252466890084744,65,67139,43
5781263748,7,1345,9259.2813,71026294,233.1983,2.115,0.0123,0.0091,624375,81.3961,twitter_cluster36,twitter/cluster36.oracleGeneral.zst,twr/cluster36.oracleGeneral.zst,1,twitter-kv,5.554716331660748,59,1397,43
6076272,512,1052672,10.8752,703377,42.0518,8.2181,0.1158,0.1954,558729,8.6387,cp_w76,cloudphysics/w76.oracleGeneral.bin.zst,cphy/w76.oracleGeneral.bin.zst,4,cloudphysics-block,8.252163685685396,564,1052724,50
227773739,1,4164,362.397,65513633,11.1886,2.6504,0.2876,0.2369,628520,3.4767,twitter_cluster45,twitter/cluster45.oracleGeneral.zst,twr/cluster45.oracleGeneral.zst,1,twitter-kv,5.823144918614625,53,4216,43
31116216,512,524288,51.7187,723012,1489.5367,36.0243,0.0232,0.0242,601644,43.0369,cp_w19,cloudphysics/w19.oracleGeneral.bin.zst,cphy/w19.oracleGeneral.bin.zst,4,cloudphysics-block,36.05931458466053,564,524340,50
17004738,4096,524288,28.0029,684962,131.6739,9.3146,0.0403,0.0707,607249,24.8258,cp_w41,cloudphysics/w41.oracleGeneral.bin.zst,cphy/w41.oracleGeneral.bin.zst,4,cloudphysics-block,9.347771869814396,4148,524340,50
4790048,512,1052672,7.8547,690623,153.4714,22.2916,0.1442,0.1452,609831,6.9358,cp_w85,cloudphysics/w85.oracleGeneral.bin.zst,cphy/w85.oracleGeneral.bin.zst,4,cloudphysics-block,22.32504602510333,564,1052724,50
